{
  "project_info": {
    "project_number": "774391823637",
    "firebase_url": "https://ecoculturaflorida-default-rtdb.firebaseio.com",
    "project_id": "ecoculturaflorida",
    "storage_bucket": "ecoculturaflorida.appspot.com"
  },
  "client": [
    {
      "client_info": {
        "mobilesdk_app_id": "1:774391823637:android:cf2a183d01879949383d1c",
        "android_client_info": {
          "package_name": "com.ecocultura.florida"
        }
      },
      "oauth_client": [
        {
          "client_id": "774391823637-ah3fk3q0nmt87tn6ord56a2qo6qsbm7e.apps.googleusercontent.com",
          "client_type": 1,
          "android_info": {
            "package_name": "com.ecocultura.florida",
            "certificate_hash": "61ed377e85d386a8dfee6b864bd85b0bfaa5af81"
          }
        },
        {
          "client_id": "774391823637-psnunibj15pkh51tu688taupbfoak0fp.apps.googleusercontent.com",
          "client_type": 3
        }
      ],
      "api_key": [
        {
          "current_key": "AIzaSyBV9mse-kV_MhfX-UHzutoLBQziEw-RLQ4"
        }
      ],
      "services": {
        "appinvite_service": {
          "other_platform_oauth_client": [
            {
              "client_id": "774391823637-psnunibj15pkh51tu688taupbfoak0fp.apps.googleusercontent.com",
              "client_type": 3
            }
          ]
        }
      }
    }
  ],
  "configuration_version": "1"
}